time_stretch,pitch_shift,source
1.0,0.0,0
1.0,0.0,0
1.0,0.0,0
1.0,0.0,0
1.0,0.0,0
1.0,0.0,0
1.0,0.0,0
1.0,0.0,0
1.0,0.0,0
1.0,0.0,0
1.0,0.0,0
1.0,0.0,0
1.0,0.0,0
1.0,0.0,0
1.0,0.0,0
1.0,0.0,0
1.0,0.0,0
1.0,0.0,0
1.0,0.0,0
1.0,0.0,0
1.0,0.0,0
1.0,0.0,0
1.0,0.0,0
1.0,0.0,0
1.0,0.0,0
1.0,0.0,0
1.0,0.0,0
1.0,0.0,0
1.0,0.0,0
1.0,0.0,0
1.0,0.0,0
1.0,0.0,0
1.0,0.0,0
1.0,0.0,0
1.0,0.0,0
1.0,0.0,0
1.0,0.0,0
1.0,0.0,0
1.0,0.0,0
1.0,0.0,0
1.0,0.0,0
1.0,0.0,0
1.0,0.0,0
1.0,0.0,0
1.0,0.0,0
1.0,0.0,0
1.0,0.0,0
1.0,0.0,0
1.0,0.0,0
1.0,0.0,0
1.0,0.0,0
1.0,0.0,0
1.0,0.0,0
1.0,0.0,0
1.0,0.0,0
1.0,0.0,0
1.0,0.0,0
1.0,0.0,0
1.0,0.0,0
1.0,0.0,0
1.0,0.0,0
1.0,0.0,0
1.0,0.0,0
1.0,0.0,0
1.0,0.0,0
1.0,0.0,0
1.0,0.0,0
1.0,0.0,0
1.0,0.0,0
1.0,0.0,0
1.0,0.0,0
1.0,0.0,0
1.0,0.0,0
1.0,0.0,0
1.0,0.0,0
1.0,0.0,0
1.0,0.0,0
1.0,0.0,0
1.0,0.0,0
1.0,0.0,0
1.0,0.0,0
1.0,0.0,0
1.0,0.0,0
1.0,0.0,0
1.0,0.0,0
1.0,0.0,0
1.0,0.0,0
1.0,0.0,0
1.0,0.0,0
1.0,0.0,0
1.0,0.0,0
1.0,0.0,0
1.0,0.0,0
1.0,0.0,0
1.0,0.0,0
1.0,0.0,0
1.0,0.0,0
1.0,0.0,0
1.0,0.0,0
1.0,0.0,0
1.0,0.0,0
1.0,0.0,0
1.0,0.0,0
1.0,0.0,0
1.0,0.0,0
1.0,0.0,0
1.0,0.0,0
1.0,0.0,0
1.0,0.0,0
1.0,0.0,0
1.0,0.0,0
1.0,0.0,0
1.0,0.0,0
1.0,0.0,0
1.0,0.0,0
1.0,0.0,0
1.0,0.0,0
1.0,0.0,0
1.0,0.0,0
1.0,0.0,0
1.0,0.0,0
1.0,0.0,0
1.0,0.0,0
1.0,0.0,0
1.0,0.0,0
1.0,0.0,0
1.0,0.0,0
1.0,0.0,0
1.0,0.0,0
1.0,0.0,0
1.0,0.0,0
1.0,0.0,0
1.0,0.0,0
1.0,0.0,0
1.0,0.0,0
1.0,0.0,0
1.0,0.0,0
1.0,0.0,0
1.0,0.0,0
1.0,0.0,0
1.0,0.0,0
1.0,0.0,0
1.0,0.0,0
1.0,0.0,0
1.0,0.0,0
1.0,0.0,0
1.0,0.0,0
1.0,0.0,0
1.0,0.0,0
1.0,0.0,0
1.0,0.0,0
1.0,0.0,0
1.0,0.0,0
1.0,0.0,0
1.0,0.0,0
1.0,0.0,0
1.0,0.0,0
1.0,0.0,0
1.0,0.0,0
1.0,0.0,0
1.0,0.0,0
1.0,0.0,0
1.0,0.0,0
1.0,0.0,0
1.0,0.0,0
1.0,0.0,0
1.0,0.0,0
1.0,0.0,0
1.0,0.0,0
1.0,0.0,0
1.0,0.0,0
1.0,0.0,0
1.0,0.0,0
1.0,0.0,0
1.0,0.0,0
1.0,0.0,0
1.0,0.0,0
1.0,0.0,0
1.0,0.0,0
1.0,0.0,0
1.0,0.0,0
1.0,0.0,0
1.0,0.0,0
1.0,0.0,0
1.0,0.0,0
1.0,0.0,0
1.0,0.0,0
1.0,0.0,0
1.0,0.0,0
1.0,0.0,0
1.0,0.0,0
1.0,0.0,0
1.0,0.0,0
1.0,0.0,0
1.0,0.0,0
1.0,0.0,0
1.0,0.0,0
1.0,0.0,0
1.0,0.0,0
1.0,0.0,0
1.0,0.0,0
1.0,0.0,0
1.0,0.0,0
1.0,0.0,0
1.0,0.0,0
1.0,0.0,0
1.0,0.0,0
1.0,0.0,0
1.0,0.0,0
1.0,0.0,0
1.0,0.0,0
1.0,0.0,0
1.0,0.0,0
1.0,0.0,0
1.0,0.0,0
1.0,0.0,0
1.0,0.0,0
1.0,0.0,0
1.0,0.0,0
1.0,0.0,0
1.0,0.0,0
1.0,0.0,0
1.0,0.0,0
1.0,0.0,0
1.0,0.0,0
1.0,0.0,0
1.0,0.0,0
1.0,0.0,0
1.0,0.0,0
1.0,0.0,0
1.0,0.0,0
1.0,0.0,0
1.0,0.0,0
1.0,0.0,0
1.0,0.0,0
1.0,0.0,0
1.0,0.0,0
1.0,0.0,0
1.0,0.0,0
1.0,0.0,0
1.0,0.0,0
1.0,0.0,0
1.0,0.0,0
1.0,0.0,0
1.0,0.0,0
1.0,0.0,0
1.0,0.0,0
1.0,0.0,0
1.0,0.0,0
1.0,0.0,0
1.0,0.0,0
1.0,0.0,0
1.0,0.0,0
1.0,0.0,0
1.0,0.0,0
1.0,0.0,0
1.0,0.0,0
1.0,0.0,0
1.0,0.0,0
1.0,0.0,0
1.0,0.0,0
1.0,0.0,0
1.0,0.0,0
1.0,0.0,0
1.0,0.0,0
1.0,0.0,0
1.0,0.0,0
1.0,0.0,0
1.0,0.0,0
1.0,0.0,0
1.0,0.0,0
1.0,0.0,0
1.0,0.0,0
1.0,0.0,0
1.0,0.0,0
1.0,0.0,0
1.0,0.0,0
1.0,0.0,0
1.0,0.0,0
1.0,0.0,0
1.0,0.0,0
1.0,0.0,0
1.0,0.0,0
1.0,0.0,0
1.0,0.0,0
1.0,0.0,0
1.0,0.0,0
1.0,0.0,0
1.0,0.0,0
1.0,0.0,0
1.0,0.0,0
1.0,0.0,0
1.0,0.0,0
1.0,0.0,0
1.0,0.0,0
1.0,0.0,0
1.0,0.0,0
1.0,0.0,0
1.0,0.0,0
1.0,0.0,0
1.0,0.0,0
1.0,0.0,0
1.0,0.0,0
1.0,0.0,0
1.0,0.0,0
1.0,0.0,0
1.0,0.0,0
1.0,0.0,0
1.0,0.0,0
1.0,0.0,0
1.0,0.0,0
1.0,0.0,0
1.0,0.0,0
1.0,0.0,0
1.0,0.0,0
1.0,0.0,0
1.0,0.0,0
1.0,0.0,0
1.0,0.0,0
1.0,0.0,0
1.0,0.0,0
1.0,0.0,0
1.0,0.0,0
1.0,0.0,0
1.0,0.0,0
1.0,0.0,0
1.0,0.0,0
1.0,0.0,0
1.0,0.0,0
1.0,0.0,0
1.0,0.0,0
1.0,0.0,0
1.0,0.0,0
1.0,0.0,0
1.0,0.0,0
1.0,0.0,0
1.0,0.0,0
1.0,0.0,0
1.0,0.0,0
1.0,0.0,0
1.0,0.0,0
1.0,0.0,0
1.0,0.0,0
1.0,0.0,0
1.0,0.0,0
1.0,0.0,0
1.0,0.0,0
1.0,0.0,0
1.0,0.0,0
1.0,0.0,0
1.0,0.0,0
1.0,0.0,0
1.0,0.0,0
1.0,0.0,0
1.0,0.0,0
1.0,0.0,0
1.0,0.0,0
1.0,0.0,0
1.0,0.0,0
1.0,0.0,0
1.0,0.0,0
1.0,0.0,0
1.0,0.0,0
1.0,0.0,0
1.0,0.0,0
1.0,0.0,0
1.0,0.0,0
1.0,0.0,0
1.0,0.0,0
1.0,0.0,0
1.0,0.0,0
1.0,0.0,0
1.0,0.0,0
1.0,0.0,0
1.0,0.0,0
1.0,0.0,0
1.0,0.0,0
1.0,0.0,0
1.0,0.0,0
1.0,0.0,0
1.0,0.0,0
1.0,0.0,0
1.0,0.0,0
1.0,0.0,0
1.0,0.0,0
1.0,0.0,0
1.0,0.0,0
1.0,0.0,0
1.0,0.0,0
1.0,0.0,0
1.0,0.0,0
1.0,0.0,0
1.0,0.0,0
1.0,0.0,0
1.0,0.0,0
1.0,0.0,0
1.0,0.0,0
1.0,0.0,0
1.0,0.0,0
1.0,0.0,0
1.0,0.0,0
1.0,0.0,0
1.0,0.0,0
1.0,0.0,0
1.0,0.0,0
1.0,0.0,0
1.0,0.0,0
1.0,0.0,0
1.0,0.0,0
1.0,0.0,0
1.0,0.0,0
1.0,0.0,0
1.0,0.0,0
1.0,0.0,0
1.0,0.0,0
1.0,0.0,0
1.0,0.0,0
1.0,0.0,0
1.0,0.0,0
1.0,0.0,0
1.0,0.0,0
1.0,0.0,0
1.0,0.0,0
1.0,0.0,0
1.0,0.0,0
1.0,0.0,0
1.0,0.0,0
1.0,0.0,0
1.0,0.0,0
1.0,0.0,0
1.0,0.0,0
1.0,0.0,0
1.0,0.0,0
1.0,0.0,0
1.0,0.0,0
1.0,0.0,0
1.0,0.0,0
1.0,0.0,0
1.0,0.0,0
1.0,0.0,0
1.0,0.0,0
1.0,0.0,0
1.0,0.0,0
1.0,0.0,0
1.0,0.0,0
1.0,0.0,0
1.0,0.0,0
1.0,0.0,0
1.0,0.0,0
1.0,0.0,0
1.0,0.0,0
1.0,0.0,0
1.0,0.0,0
1.0,0.0,0
1.0,0.0,0
1.0,0.0,0
1.0,0.0,0
1.0,0.0,0
1.0,0.0,0
1.0,0.0,0
1.0,0.0,0
1.0,0.0,0
1.0,0.0,0
1.0,0.0,0
1.0,0.0,0
1.0,0.0,0
1.0,0.0,0
1.0,0.0,0
1.0,0.0,0
1.0,0.0,0
1.0,0.0,0
1.0,0.0,0
1.0,0.0,0
1.0,0.0,0
1.0,0.0,0
1.0,0.0,0
1.0,0.0,0
1.0,0.0,0
1.0,0.0,0
1.0,0.0,0
1.0,0.0,0
1.0,0.0,0
1.0,0.0,0
1.0,0.0,0
1.0,0.0,0
1.0,0.0,0
1.0,0.0,0
1.0,0.0,0
1.0,0.0,0
1.0,0.0,0
1.0,0.0,0
1.0,0.0,0
1.0,0.0,0
1.0,0.0,0
1.0,0.0,0
1.0,0.0,0
1.0,0.0,0
1.0,0.0,0
1.0,0.0,0
1.0,0.0,0
1.0,0.0,0
1.0,0.0,0
1.0,0.0,0
1.0,0.0,0
1.0,0.0,0
1.0,0.0,0
1.0,0.0,0
1.0,0.0,0
1.0,0.0,0
1.0,0.0,0
1.0,0.0,0
1.0,0.0,0
1.0,0.0,0
1.0,0.0,0
1.0,0.0,0
1.0,0.0,0
1.0,0.0,0
1.0,0.0,0
1.0,0.0,0
1.0,0.0,0
1.0,0.0,0
1.0,0.0,0
1.0,0.0,0
1.0,0.0,0
1.0,0.0,0
1.0,0.0,0
1.0,0.0,0
1.0,0.0,0
1.0,0.0,0
1.0,0.0,0
1.0,0.0,0
1.0,0.0,0
1.0,0.0,0
1.0,0.0,0
1.0,0.0,0
1.0,0.0,0
1.0,0.0,0
1.0,0.0,0
1.0,0.0,0
1.0,0.0,0
1.0,0.0,0
1.0,0.0,0
1.0,0.0,0
1.0,0.0,0
1.0,0.0,0
1.0,0.0,0
1.0,0.0,0
1.0,0.0,0
1.0,0.0,0
1.0,0.0,0
1.0,0.0,0
1.0,0.0,0
1.0,0.0,0
1.0,0.0,0
1.0,0.0,0
1.0,0.0,0
1.0,0.0,0
1.0,0.0,0
1.0,0.0,0
1.0,0.0,0
1.0,0.0,0
1.0,0.0,0
1.0,0.0,0
1.0,0.0,0
1.0,0.0,0
1.0,0.0,0
1.0,0.0,0
1.0,0.0,0
1.0,0.0,0
1.0,0.0,0
1.0,0.0,0
1.0,0.0,0
1.0,0.0,0
1.0,0.0,0
1.0,0.0,0
1.0,0.0,0
1.0,0.0,0
1.0,0.0,0
1.0,0.0,0
1.0,0.0,0
1.0,0.0,0
1.0,0.0,0
1.0,0.0,0
1.0,0.0,0
1.0,0.0,0
1.0,0.0,0
1.0,0.0,0
1.0,0.0,0
1.0,0.0,0
1.0,0.0,0
1.0,0.0,0
1.0,0.0,0
1.0,0.0,0
1.0,0.0,0
1.0,0.0,0
1.0,0.0,0
1.0,0.0,0
1.0,0.0,0
1.0,0.0,0
1.0,0.0,0
1.0,0.0,0
1.0,0.0,0
1.0,0.0,0
1.0,0.0,0
1.0,0.0,0
1.0,0.0,0
1.0,0.0,0
1.0,0.0,0
1.0,0.0,0
1.0,0.0,0
1.0,0.0,0
1.0,0.0,0
1.0,0.0,0
1.0,0.0,0
1.0,0.0,0
1.0,0.0,0
1.0,0.0,0
1.0,0.0,0
1.0,0.0,0
1.0,0.0,0
1.0,0.0,0
1.0,0.0,0
1.0,0.0,0
1.0,0.0,0
1.0,0.0,0
1.0,0.0,0
1.0,0.0,0
1.0,0.0,0
1.0,0.0,0
1.0,0.0,0
1.0,0.0,0
1.0,0.0,0
1.0,0.0,0
1.0,0.0,0
1.0,0.0,0
1.0,0.0,0
1.0,0.0,0
1.0,0.0,0
1.0,0.0,0
1.0,0.0,0
1.0,0.0,0
1.0,0.0,0
1.0,0.0,0
1.0,0.0,0
1.0,0.0,0
1.0,0.0,0
1.0,0.0,0
1.0,0.0,0
1.0,0.0,0
1.0,0.0,0
1.0,0.0,0
1.0,0.0,0
1.0,0.0,0
1.0,0.0,0
1.0,0.0,0
1.0,0.0,0
1.0,0.0,0
1.0,0.0,0
1.0,0.0,0
1.0,0.0,0
1.0,0.0,0
1.0,0.0,0
1.0,0.0,0
1.0,0.0,0
1.0,0.0,0
1.0,0.0,0
1.0,0.0,0
1.0,0.0,0
1.0,0.0,0
1.0,0.0,0
1.0,0.0,0
1.0,0.0,0
1.0,0.0,0
1.0,0.0,0
1.0,0.0,0
1.0,0.0,0
1.0,0.0,0
1.0,0.0,0
1.0,0.0,0
1.0,0.0,0
1.0,0.0,0
1.0,0.0,0
1.0,0.0,0
1.0,0.0,0
1.0,0.0,0
1.0,0.0,0
1.0,0.0,0
1.0,0.0,0
1.0,0.0,0
1.0,0.0,0
1.0,0.0,0
1.0,0.0,0
1.0,0.0,0
1.0,0.0,0
1.0,0.0,0
1.0,0.0,0
1.0,0.0,0
1.0,0.0,0
1.0,0.0,0
1.0,0.0,0
1.0,0.0,0
1.0,0.0,0
1.0,0.0,0
1.0,0.0,0
1.0,0.0,0
1.0,0.0,0
1.0,0.0,0
1.0,0.0,0
1.0,0.0,0
1.0,0.0,0
1.0,0.0,0
1.0,0.0,0
1.0,0.0,0
1.0,0.0,0
1.0,0.0,0
1.0,0.0,0
1.0,0.0,0
1.0,0.0,0
1.0,0.0,0
1.0,0.0,0
1.0,0.0,0
1.0,0.0,0
1.0,0.0,0
1.0,0.0,0
1.0,0.0,0
1.0,0.0,0
1.0,0.0,0
1.0,0.0,0
1.0,0.0,0
1.0,0.0,0
1.0,0.0,0
1.0,0.0,0
1.0,0.0,0
1.0,0.0,0
1.0,0.0,0
1.0,0.0,0
1.0,0.0,0
1.0,0.0,0
1.0,0.0,0
1.0,0.0,0
1.0,0.0,0
1.0,0.0,0
1.0,0.0,0
1.0,0.0,0
1.0,0.0,0
1.0,0.0,0
1.0,0.0,0
1.0,0.0,0
1.0,0.0,0
1.0,0.0,0
1.0,0.0,0
1.0,0.0,0
1.0,0.0,0
1.0,0.0,0
1.0,0.0,0
1.0,0.0,0
1.0,0.0,0
1.0,0.0,0
1.0,0.0,0
1.0,0.0,0
1.0,0.0,0
1.0,0.0,0
1.0,0.0,0
1.0,0.0,0
1.0,0.0,0
1.0,0.0,0
1.0,0.0,0
1.0,0.0,0
1.0,0.0,0
1.0,0.0,0
1.0,0.0,0
1.0,0.0,0
1.0,0.0,0
1.0,0.0,0
1.0,0.0,0
1.0,0.0,0
1.0,0.0,0
1.0,0.0,0
1.0,0.0,0
1.0,0.0,0
1.0,0.0,0
1.0,0.0,0
1.0,0.0,0
1.0,0.0,0
1.0,0.0,0
1.0,0.0,0
1.0,0.0,0
1.0,0.0,0
1.0,0.0,0
1.0,0.0,0
1.0,0.0,0
1.0,0.0,0
1.0,0.0,0
1.0,0.0,0
1.0,0.0,0
1.0,0.0,0
1.0,0.0,0
1.0,0.0,0
1.0,0.0,0
1.0,0.0,0
1.0,0.0,0
1.0,0.0,0
1.0,0.0,0
1.0,0.0,0
1.0,0.0,0
1.0,0.0,0
1.0,0.0,0
1.0,0.0,0
1.0,0.0,0
1.0,0.0,0
1.0,0.0,0
1.0,0.0,0
1.0,0.0,0
1.0,0.0,0
1.0,0.0,0
1.0,0.0,0
1.0,0.0,0
1.0,0.0,0
1.0,0.0,0
1.0,0.0,0
1.0,0.0,0
1.0,0.0,0
1.0,0.0,0
1.0,0.0,0
1.0,0.0,0
1.0,0.0,0
1.0,0.0,0
1.0,0.0,0
1.0,0.0,0
1.0,0.0,0
1.0,0.0,0
1.0,0.0,0
1.0,0.0,0
1.0,0.0,0
1.0,0.0,0
1.0,0.0,0
1.0,0.0,0
1.0,0.0,0
1.0,0.0,0
1.0,0.0,0
1.0,0.0,0
1.0,0.0,0
1.0,0.0,0
1.0,0.0,0
1.0,0.0,0
1.0,0.0,0
1.0,0.0,0
1.0,0.0,0
1.0,0.0,0
1.0,0.0,0
1.0,0.0,0
1.0,0.0,0
1.0,0.0,0
1.0,0.0,0
1.0,0.0,0
1.0,0.0,0
1.0,0.0,0
1.0,0.0,0
1.0,0.0,0
1.0,0.0,0
1.0,0.0,0
1.0,0.0,0
1.0,0.0,0
1.0,0.0,0
1.0,0.0,0
1.0,0.0,0
1.0,0.0,0
1.0,0.0,0
1.0,0.0,0
1.0,0.0,0
1.0,0.0,0
1.0,0.0,0
1.0,0.0,0
1.0,0.0,0
1.0,0.0,0
1.0,0.0,0
1.0,0.0,0
1.0,0.0,0
1.0,0.0,0
1.0,0.0,0
1.0,0.0,0
1.0,0.0,0
1.0,0.0,0
1.0,0.0,0
1.0,0.0,0
1.0,0.0,0
1.0,0.0,0
1.0,0.0,0
1.0,0.0,0
1.0,0.0,0
1.0,0.0,0
1.0,0.0,0
1.0,0.0,0
1.0,0.0,0
1.0,0.0,0
1.0,0.0,0
1.0,0.0,0
1.0,0.0,0
1.0,0.0,0
1.0,0.0,0
1.0,0.0,0
1.0,0.0,0
1.0,0.0,0
1.0,0.0,0
1.0,0.0,0
1.0,0.0,0
1.0,0.0,0
1.0,0.0,0
1.0,0.0,0
1.0,0.0,0
1.0,0.0,0
1.0,0.0,0
1.0,0.0,0
1.0,0.0,0
1.0,0.0,0
1.0,0.0,0
1.0,0.0,0
1.0,0.0,0
1.0,0.0,0
1.0,0.0,0
1.0,0.0,0
1.0,0.0,0
1.0,0.0,0
1.0,0.0,0
1.0,0.0,0
1.0,0.0,0
1.0,0.0,0
1.0,0.0,0
1.0,0.0,0
1.0,0.0,0
1.0,0.0,0
1.0,0.0,0
1.0,0.0,0
1.0,0.0,0
1.0,0.0,0
1.0,0.0,0
1.0,0.0,0
1.0,0.0,0
1.0,0.0,0
1.0,0.0,0
1.0,0.0,0
1.0,0.0,0
1.0,0.0,0
1.0,0.0,0
1.0,0.0,0
1.0,0.0,0
1.0,0.0,0
1.0,0.0,0
1.0,0.0,0
1.0,0.0,0
1.0,0.0,0
1.0,0.0,0
1.0,0.0,0
1.0,0.0,0
1.0,0.0,0
1.0,0.0,0
1.0,0.0,0
1.0,0.0,0
1.0,0.0,0
1.0,0.0,0
1.0,0.0,0
1.0,0.0,0
1.0,0.0,0
1.0,0.0,0
1.0,0.0,0
1.0,0.0,0
1.0,0.0,0
1.0,0.0,0
1.0,0.0,0
1.0,0.0,0
1.0,0.0,0
1.0,0.0,0
1.0,0.0,0
1.0,0.0,0
1.0,0.0,0
1.0,0.0,0
1.0,0.0,0
1.0,0.0,0
1.0,0.0,0
1.0,0.0,0
1.0,0.0,0
1.0,0.0,0
1.0,0.0,0
1.0,0.0,0
1.0,0.0,0
1.0,0.0,0
1.0,0.0,0
1.0,0.0,0
1.0,0.0,0
1.0,0.0,0
1.0,0.0,0
1.0,0.0,0
1.0,0.0,0
1.0,0.0,0
1.0,0.0,0
1.0,0.0,0
1.0,0.0,0
1.0,0.0,0
1.0,0.0,0
1.0,0.0,0
1.0,0.0,0
1.0,0.0,0
1.0,0.0,0
1.0,0.0,0
1.0,0.0,0
1.0,0.0,0
1.0,0.0,0
1.0,0.0,0
1.0,0.0,0
1.0,0.0,0
1.0,0.0,0
1.0,0.0,0
1.0,0.0,0
1.0,0.0,0
1.0,0.0,0
1.0,0.0,0
1.0,0.0,0
1.0,0.0,0
1.0,0.0,0
1.0,0.0,0
1.0,0.0,0
1.0,0.0,0
1.0,0.0,0
1.0,0.0,0
1.0,0.0,0
1.0,0.0,0
1.0,0.0,0
1.0,0.0,0
1.0,0.0,0
1.0,0.0,0
1.0,0.0,0
1.0,0.0,0
1.0,0.0,0
1.0,0.0,0
1.0,0.0,0
1.0,0.0,0
1.0,0.0,0
1.0,0.0,0
1.0,0.0,0
1.0,0.0,0
1.0,0.0,0
1.0,0.0,0
1.0,0.0,0
1.0,0.0,0
1.0,0.0,0
1.0,0.0,0
1.0,0.0,0
1.0,0.0,0
1.0,0.0,0
1.0,0.0,0
1.0,0.0,0
1.0,0.0,0
1.0,0.0,0
1.0,0.0,0
1.0,0.0,0
1.0,0.0,0
1.0,0.0,0
1.0,0.0,0
1.0,0.0,0
1.0,0.0,0
1.0,0.0,0
1.0,0.0,0
1.0,0.0,0
1.0,0.0,0
1.0,0.0,0
1.0,0.0,0
1.0,0.0,0
1.0,0.0,0
1.0,0.0,0
1.0,0.0,0
1.0,0.0,0
1.0,0.0,0
1.0,0.0,0
1.0,0.0,0
1.0,0.0,0
1.0,0.0,0
1.0,0.0,0
1.0,0.0,0
1.0,0.0,0
1.0,0.0,0
1.0,0.0,0
1.0,0.0,0
1.0,0.0,0
1.0,0.0,0
1.0,0.0,0
1.0,0.0,0
1.0,0.0,0
1.0,0.0,0
1.0,0.0,0
1.0,0.0,0
1.0,0.0,0
1.0,0.0,0
1.0,0.0,0
1.0,0.0,0
1.0,0.0,0
1.0,0.0,0
1.0,0.0,0
1.0,0.0,0
1.0,0.0,0
1.0,0.0,0
1.0,0.0,0
1.0,0.0,0
1.0,0.0,0
1.0,0.0,0
1.0,0.0,0
1.0,0.0,0
1.0,0.0,0
1.0,0.0,0
1.0,0.0,0
1.0,0.0,0
1.0,0.0,0
1.0,0.0,0
1.0,0.0,0
1.0,0.0,0
1.0,0.0,0
1.0,0.0,0
1.0,0.0,0
1.0,0.0,0
1.0,0.0,0
1.0,0.0,0
1.0,0.0,0
1.0,0.0,0
1.0,0.0,0
1.0,0.0,0
1.0,0.0,0
1.0,0.0,0
1.0,0.0,0
1.0,0.0,0
1.0,0.0,0
1.0,0.0,0
1.0,0.0,0
1.0,0.0,0
1.0,0.0,0
1.0,0.0,0
1.0,0.0,0
1.0,0.0,0
1.0,0.0,0
1.0,0.0,0
1.0,0.0,0
1.0,0.0,0
1.0,0.0,0
1.0,0.0,0
1.0,0.0,0
1.0,0.0,0
1.0,0.0,0
1.0,0.0,0
1.0,0.0,0
1.0,0.0,0
1.0,0.0,0
1.0,0.0,0
1.0,0.0,0
1.0,0.0,0
1.0,0.0,0
1.0,0.0,0
1.0,0.0,0
1.0,0.0,0
1.0,0.0,0
1.0,0.0,0
1.0,0.0,0
1.0,0.0,0
1.0,0.0,0
1.0,0.0,0
1.0,0.0,0
1.0,0.0,0
1.0,0.0,0
1.0,0.0,0
1.0,0.0,0
1.0,0.0,0
1.0,0.0,0
1.0,0.0,0
1.0,0.0,0
1.0,0.0,0
1.0,0.0,0
1.0,0.0,0
1.0,0.0,0
1.0,0.0,0
1.0,0.0,0
1.0,0.0,0
1.0,0.0,0
1.0,0.0,0
1.0,0.0,0
1.0,0.0,0
1.0,0.0,0
1.0,0.0,0
1.0,0.0,0
1.0,0.0,0
1.0,0.0,0
1.0,0.0,0
1.0,0.0,0
1.0,0.0,0
1.0,0.0,0
1.0,0.0,0
1.0,0.0,0
1.0,0.0,0
1.0,0.0,0
1.0,0.0,0
1.0,0.0,0
1.0,0.0,0
1.0,0.0,0
1.0,0.0,0
1.0,0.0,0
1.0,0.0,0
1.0,0.0,0
1.0,0.0,0
1.0,0.0,0
1.0,0.0,0
1.0,0.0,0
1.0,0.0,0
1.0,0.0,0
1.0,0.0,0
1.0,0.0,0
1.0,0.0,0
1.0,0.0,0
1.0,0.0,0
1.0,0.0,0
1.0,0.0,0
1.0,0.0,0
1.0,0.0,0
1.0,0.0,0
1.0,0.0,0
1.0,0.0,0
1.0,0.0,0
1.0,0.0,0
1.0,0.0,0
1.0,0.0,0
1.0,0.0,0
1.0,0.0,0
1.0,0.0,0
1.0,0.0,0
1.0,0.0,0
1.0,0.0,0
1.0,0.0,0
1.0,0.0,0
1.0,0.0,0
1.0,0.0,0
1.0,0.0,0
1.0,0.0,0
1.0,0.0,0
1.0,0.0,0
1.0,0.0,0
1.0,0.0,0
1.0,0.0,0
1.0,0.0,0
1.0,0.0,0
1.0,0.0,0
1.0,0.0,0
1.0,0.0,0
1.0,0.0,0
1.0,0.0,0
1.0,0.0,0
1.0,0.0,0
1.0,0.0,0
1.0,0.0,0
1.0,0.0,0
1.0,0.0,0
1.0,0.0,0
1.0,0.0,0
1.0,0.0,0
1.0,0.0,0
1.0,0.0,0
1.0,0.0,0
1.0,0.0,0
1.0,0.0,0
1.0,0.0,0
1.0,0.0,0
1.0,0.0,0
1.0,0.0,0
1.0,0.0,0
1.0,0.0,0
1.0,0.0,0
1.0,0.0,0
1.0,0.0,0
1.0,0.0,0
1.0,0.0,0
1.0,0.0,0
1.0,0.0,0
1.0,0.0,0
1.0,0.0,0
1.0,0.0,0
1.0,0.0,0
1.0,0.0,0
1.0,0.0,0
1.0,0.0,0
1.0,0.0,0
1.0,0.0,0
1.0,0.0,0
1.0,0.0,0
1.0,0.0,0
1.0,0.0,0
1.0,0.0,0
1.0,0.0,0
1.0,0.0,0
1.0,0.0,0
1.0,0.0,0
1.0,0.0,0
1.0,0.0,0
1.0,0.0,0
1.0,0.0,0
1.0,0.0,0
1.0,0.0,0
1.0,0.0,0
1.0,0.0,0
1.0,0.0,0
1.0,0.0,0
1.0,0.0,0
1.0,0.0,0
1.0,0.0,0
1.0,0.0,0
1.0,0.0,0
1.0,0.0,0
1.0,0.0,0
1.0,0.0,0
1.0,0.0,0
1.0,0.0,0
1.0,0.0,0
1.0,0.0,0
1.0,0.0,0
1.0,0.0,0
1.0,0.0,0
1.0,0.0,0
1.0,0.0,0
1.0,0.0,0
1.0,0.0,0
1.0,0.0,0
1.0,0.0,0
1.0,0.0,0
1.0,0.0,0
1.0,0.0,0
1.0,0.0,0
1.0,0.0,0
1.0,0.0,0
1.0,0.0,0
1.0,0.0,0
1.0,0.0,0
1.0,0.0,0
1.0,0.0,0
1.0,0.0,0
1.0,0.0,0
1.0,0.0,0
1.0,0.0,0
1.0,0.0,0
1.0,0.0,0
1.0,0.0,0
1.0,0.0,0
1.0,0.0,0
1.0,0.0,0
1.0,0.0,0
1.0,0.0,0
1.0,0.0,0
1.0,0.0,0
1.0,0.0,0
1.0,0.0,0
1.0,0.0,0
1.0,0.0,0
1.0,0.0,0
1.0,0.0,0
1.0,0.0,0
1.0,0.0,0
1.0,0.0,0
1.0,0.0,0
1.0,0.0,0
1.0,0.0,0
1.0,0.0,0
1.0,0.0,0
1.0,0.0,0
1.0,0.0,0
1.0,0.0,0
1.0,0.0,0
1.0,0.0,0
1.0,0.0,0
1.0,0.0,0
1.0,0.0,0
1.0,0.0,0
1.0,0.0,0
1.0,0.0,0
1.0,0.0,0
1.0,0.0,0
1.0,0.0,0
1.0,0.0,0
1.0,0.0,0
1.0,0.0,0
1.0,0.0,0
1.0,0.0,0
1.0,0.0,0
1.0,0.0,0
1.0,0.0,0
1.0,0.0,0
1.0,0.0,0
1.0,0.0,0
1.0,0.0,0
1.0,0.0,0
1.0,0.0,0
1.0,0.0,0
1.0,0.0,0
1.0,0.0,0
1.0,0.0,0
1.0,0.0,0
1.0,0.0,0
1.0,0.0,0
1.0,0.0,0
1.0,0.0,0
1.0,0.0,0
1.0,0.0,0
1.0,0.0,0
1.0,0.0,0
1.0,0.0,0
1.0,0.0,0
1.0,0.0,0
1.0,0.0,0
1.0,0.0,0
1.0,0.0,0
1.0,0.0,0
1.0,0.0,0
1.0,0.0,0
1.0,0.0,0
1.0,0.0,0
1.0,0.0,0
1.0,0.0,0
1.0,0.0,0
1.0,0.0,0
1.0,0.0,0
1.0,0.0,0
1.0,0.0,0
1.0,0.0,0
1.0,0.0,0
1.0,0.0,0
1.0,0.0,0
1.0,0.0,0
1.0,0.0,0
1.0,0.0,0
1.0,0.0,0
1.0,0.0,0
1.0,0.0,0
1.0,0.0,0
1.0,0.0,0
1.0,0.0,0
1.0,0.0,0
1.0,0.0,0
1.0,0.0,0
1.0,0.0,0
1.0,0.0,0
1.0,0.0,0
1.0,0.0,0
1.0,0.0,0
1.0,0.0,0
1.0,0.0,0
1.0,0.0,0
1.0,0.0,0
1.0,0.0,0
1.0,0.0,0
1.0,0.0,0
1.0,0.0,0
1.0,0.0,0
1.0,0.0,0
1.0,0.0,0
1.0,0.0,0
1.0,0.0,0
1.0,0.0,0
1.0,0.0,0
1.0,0.0,0
1.0,0.0,0
1.0,0.0,0
1.0,0.0,0
1.0,0.0,0
1.0,0.0,0
1.0,0.0,0
1.0,0.0,0
1.0,0.0,0
1.0,0.0,0
1.0,0.0,0
1.0,0.0,0
1.0,0.0,0
1.0,0.0,0
1.0,0.0,0
1.0,0.0,0
1.0,0.0,0
1.0,0.0,0
1.0,0.0,0
1.0,0.0,0
1.0,0.0,0
1.0,0.0,0
1.0,0.0,0
1.0,0.0,0
1.0,0.0,0
1.0,0.0,0
1.0,0.0,0
1.0,0.0,0
1.0,0.0,0
1.0,0.0,0
1.0,0.0,0
1.0,0.0,0
1.0,0.0,0
1.0,0.0,0
1.0,0.0,0
1.0,0.0,0
1.0,0.0,0
1.0,0.0,0
1.0,0.0,0
1.0,0.0,0
1.0,0.0,0
1.0,0.0,0
1.0,0.0,0
1.0,0.0,0
1.0,0.0,0
1.0,0.0,0
1.0,0.0,0
1.0,0.0,0
1.0,0.0,0
1.0,0.0,0
1.0,0.0,0
1.0,0.0,0
1.0,0.0,0
1.0,0.0,0
1.0,0.0,0
1.0,0.0,0
1.0,0.0,0
1.0,0.0,0
1.0,0.0,0
1.0,0.0,0
1.0,0.0,0
1.0,0.0,0
1.0,0.0,0
1.0,0.0,0
1.0,0.0,0
1.0,0.0,0
1.0,0.0,0
1.0,0.0,0
1.0,0.0,0
1.0,0.0,0
1.0,0.0,0
1.0,0.0,0
1.0,0.0,0
1.0,0.0,0
1.0,0.0,0
1.0,0.0,0
1.0,0.0,0
1.0,0.0,0
1.0,0.0,0
1.0,0.0,0
1.0,0.0,0
1.0,0.0,0
1.0,0.0,0
1.0,0.0,0
1.0,0.0,0
1.0,0.0,0
1.0,0.0,0
1.0,0.0,0
1.0,0.0,0
1.0,0.0,0
1.0,0.0,0
1.0,0.0,0
1.0,0.0,0
1.0,0.0,0
1.0,0.0,0
1.0,0.0,0
1.0,0.0,0
1.0,0.0,0
1.0,0.0,0
1.0,0.0,0
1.0,0.0,0
1.0,0.0,0
1.0,0.0,0
1.0,0.0,0
1.0,0.0,0
1.0,0.0,0
1.0,0.0,0
1.0,0.0,0
1.0,0.0,0
1.0,0.0,0
1.0,0.0,0
1.0,0.0,0
1.0,0.0,0
1.0,0.0,0
1.0,0.0,0
1.0,0.0,0
1.0,0.0,0
1.0,0.0,0
1.0,0.0,0
1.0,0.0,0
1.0,0.0,0
1.0,0.0,0
1.0,0.0,0
1.0,0.0,0
1.0,0.0,0
1.0,0.0,0
1.0,0.0,0
1.0,0.0,0
1.0,0.0,0
1.0,0.0,0
1.0,0.0,0
1.0,0.0,0
1.0,0.0,0
1.0,0.0,0
1.0,0.0,0
1.0,0.0,0
1.0,0.0,0
1.0,0.0,0
1.0,0.0,0
1.0,0.0,0
1.0,0.0,0
1.0,0.0,0
1.0,0.0,0
1.0,0.0,0
1.0,0.0,0
1.0,0.0,0
1.0,0.0,0
1.0,0.0,0
1.0,0.0,0
1.0,0.0,0
1.0,0.0,0
1.0,0.0,0
1.0,0.0,0
1.0,0.0,0
1.0,0.0,0
1.0,0.0,0
1.0,0.0,0
1.0,0.0,0
1.0,0.0,0
1.0,0.0,0
1.0,0.0,0
1.0,0.0,0
1.0,0.0,0
1.0,0.0,0
1.0,0.0,0
1.0,0.0,0
1.0,0.0,0
1.0,0.0,0
1.0,0.0,0
1.0,0.0,0
1.0,0.0,0
1.0,0.0,0
1.0,0.0,0
1.0,0.0,0
1.0,0.0,0
1.0,0.0,0
1.0,0.0,0
1.0,0.0,0
1.0,0.0,0
1.0,0.0,0
1.0,0.0,0
1.0,0.0,0
1.0,0.0,0
1.0,0.0,0
1.0,0.0,0
1.0,0.0,0
1.0,0.0,0
1.0,0.0,0
1.0,0.0,0
1.0,0.0,0
1.0,0.0,0
1.0,0.0,0
1.0,0.0,0
1.0,0.0,0
1.0,0.0,0
1.0,0.0,0
1.0,0.0,0
1.0,0.0,0
1.0,0.0,0
1.0,0.0,0
1.0,0.0,0
1.0,0.0,0
1.0,0.0,0
1.0,0.0,0
1.0,0.0,0
1.0,0.0,0
1.0,0.0,0
1.0,0.0,0
1.0,0.0,0
1.0,0.0,0
1.0,0.0,0
1.0,0.0,0
1.0,0.0,0
1.0,0.0,0
1.0,0.0,0
1.0,0.0,0
1.0,0.0,0
1.0,0.0,0
1.0,0.0,0
1.0,0.0,0
1.0,0.0,0
1.0,0.0,0
1.0,0.0,0
1.0,0.0,0
1.0,0.0,0
1.0,0.0,0
1.0,0.0,0
1.0,0.0,0
1.0,0.0,0
1.0,0.0,0
1.0,0.0,0
1.0,0.0,0
1.0,0.0,0
1.0,0.0,0
1.0,0.0,0
1.0,0.0,0
1.0,0.0,0
1.0,0.0,0
1.0,0.0,0
1.0,0.0,0
1.0,0.0,0
1.0,0.0,0
1.0,0.0,0
1.0,0.0,0
1.0,0.0,0
1.0,0.0,0
1.0,0.0,0
1.0,0.0,0
1.0,0.0,0
1.0,0.0,0
1.0,0.0,0
1.0,0.0,0
1.0,0.0,0
1.0,0.0,0
1.0,0.0,0
1.0,0.0,0
1.0,0.0,0
1.0,0.0,0
1.0,0.0,0
1.0,0.0,0
1.0,0.0,0
1.0,0.0,0
1.0,0.0,0
1.0,0.0,0
1.0,0.0,0
1.0,0.0,0
1.0,0.0,0
1.0,0.0,0
1.0,0.0,0
1.0,0.0,0
1.0,0.0,0
1.0,0.0,0
1.0,0.0,0
1.0,0.0,0
1.0,0.0,0
1.0,0.0,0
1.0,0.0,0
1.0,0.0,0
1.0,0.0,0
1.0,0.0,0
1.0,0.0,0
1.0,0.0,0
1.0,0.0,0
1.0,0.0,0
1.0,0.0,0
1.0,0.0,0
1.0,0.0,0
1.0,0.0,0
1.0,0.0,0
1.0,0.0,0
1.0,0.0,0
1.0,0.0,0
1.0,0.0,0
1.0,0.0,0
1.0,0.0,0
1.0,0.0,0
1.0,0.0,0
1.0,0.0,0
1.0,0.0,0
1.0,0.0,0
1.0,0.0,0
1.0,0.0,0
1.0,0.0,0
1.0,0.0,0
1.0,0.0,0
1.0,0.0,0
1.0,0.0,0
1.0,0.0,0
1.0,0.0,0
1.0,0.0,0
1.0,0.0,0
1.0,0.0,0
1.0,0.0,0
1.0,0.0,0
1.0,0.0,0
1.0,0.0,0
1.0,0.0,0
1.0,0.0,0
1.0,0.0,0
1.0,0.0,0
1.0,0.0,0
1.0,0.0,0
1.0,0.0,0
1.0,0.0,0
1.0,0.0,0
1.0,0.0,0
1.0,0.0,0
1.0,0.0,0
1.0,0.0,0
1.0,0.0,0
1.0,0.0,0
1.0,0.0,0
1.0,0.0,0
1.0,0.0,0
1.0,0.0,0
1.0,0.0,0
1.0,0.0,0
1.0,0.0,0
1.0,0.0,0
1.0,0.0,0
1.0,0.0,0
1.0,0.0,0
1.0,0.0,0
1.0,0.0,0
1.0,0.0,0
1.0,0.0,0
1.0,0.0,0
1.0,0.0,0
1.0,0.0,0
1.0,0.0,0
1.0,0.0,0
1.0,0.0,0
1.0,0.0,0
1.0,0.0,0
1.0,0.0,0
1.0,0.0,0
1.0,0.0,0
1.0,0.0,0
1.0,0.0,0
1.0,0.0,0
1.0,0.0,0
1.0,0.0,0
1.0,0.0,0
1.0,0.0,0
1.0,0.0,0
1.0,0.0,0
1.0,0.0,0
1.0,0.0,0
1.0,0.0,0
1.0,0.0,0
1.0,0.0,0
1.0,0.0,0
1.0,0.0,0
1.0,0.0,0
1.0,0.0,0
1.0,0.0,0
1.0,0.0,0
1.0,0.0,0
1.0,0.0,0
1.0,0.0,0
1.0,0.0,0
1.0,0.0,0
1.0,0.0,0
1.0,0.0,0
1.0,0.0,0
1.0,0.0,0
1.0,0.0,0
1.0,0.0,0
1.0,0.0,0
1.0,0.0,0
1.0,0.0,0
1.0,0.0,0
1.0,0.0,0
1.0,0.0,0
1.0,0.0,0
1.0,0.0,0
1.0,0.0,0
1.0,0.0,0
1.0,0.0,0
1.0,0.0,0
1.0,0.0,0
1.0,0.0,0
1.0,0.0,0
1.0,0.0,0
1.0,0.0,0
1.0,0.0,0
1.0,0.0,0
1.0,0.0,0
1.0,0.0,0
1.0,0.0,0
1.0,0.0,0
1.0,0.0,0
1.0,0.0,0
1.0,0.0,0
1.0,0.0,0
1.0,0.0,0
1.0,0.0,0
1.0,0.0,0
1.0,0.0,0
1.0,0.0,0
1.0,0.0,0
1.0,0.0,0
1.0,0.0,0
1.0,0.0,0
1.0,0.0,0
1.0,0.0,0
1.0,0.0,0
1.0,0.0,0
1.0,0.0,0
1.0,0.0,0
1.0,0.0,0
1.0,0.0,0
1.0,0.0,0
1.0,0.0,0
1.0,0.0,0
1.0,0.0,0
1.0,0.0,0
1.0,0.0,0
1.0,0.0,0
1.0,0.0,0
1.0,0.0,0
1.0,0.0,0
1.0,0.0,0
1.0,0.0,0
1.0,0.0,0
1.0,0.0,0
1.0,0.0,0
1.0,0.0,0
1.0,0.0,0
1.0,0.0,0
1.0,0.0,0
1.0,0.0,0
1.0,0.0,0
